Accident_Id,crash_date,traffic_control_device,weather_condition,lighting_condition,trafficway_type,alignment,damage,prim_contributory_cause,num_units,Urban_or_Rural_Area,most_severe_injury,Accident_Severity,injuries_total,injuries_fatal,injuries_Serious,injuries_Slight,injuries_no_indication,crash_hour,crash_day_of_week,crash_month
200701BS70710,04/15/2023,TRAFFIC SIGNAL,CLEAR,"DARKNESS, LIGHTED ROAD",NOT DIVIDED,STRAIGHT AND LEVEL,"OVER $1,500",FAILING TO YIELD RIGHT-OF-WAY,2,Urban,NONINCAPACITATING INJURY,Slight,1,0,0,1,2,1,7,4
200701BS70711,02/13/2023,NO CONTROLS,CLEAR,"DARKNESS, LIGHTED ROAD",NOT DIVIDED,STRAIGHT AND LEVEL,"OVER $1,500",FAILING TO YIELD RIGHT-OF-WAY,2,Urban,NONINCAPACITATING INJURY,Slight,1,0,0,1,1,18,2,2
200701BS70712,10-10-2015 00:00,TRAFFIC SIGNAL,CLEAR,"DARKNESS, LIGHTED ROAD",DIVIDED - W/MEDIAN (NOT RAISED),STRAIGHT AND LEVEL,"OVER $1,500",UNABLE TO DETERMINE,2,Urban,NO INDICATION OF INJURY,Slight,0,0,0,0,3,21,7,10
200701BS70713,09/21/2021,TRAFFIC SIGNAL,CLEAR,DAYLIGHT,CENTER TURN LANE,STRAIGHT AND LEVEL,"OVER $1,500",UNABLE TO DETERMINE,2,Urban,NO INDICATION OF INJURY,Slight,0,0,0,0,2,11,3,9
200701BS70715,02/16/2023,TRAFFIC SIGNAL,SNOW,DAYLIGHT,T-INTERSECTION,STRAIGHT AND LEVEL,"$501 - $1,500",FAILING TO REDUCE SPEED TO AVOID CRASH,2,Urban,NO INDICATION OF INJURY,Slight,0,0,0,0,2,13,5,2
200701BS70716,11/28/2020,STOP SIGN/FLASHER,CLEAR,DAYLIGHT,FOUR WAY,STRAIGHT AND LEVEL,"OVER $1,500",DISREGARDING STOP SIGN,2,Urban,"REPORTED, NOT EVIDENT",Slight,1,0,0,0,1,17,7,11
200701BS70718,04/24/2021,TRAFFIC SIGNAL,CLEAR,DAYLIGHT,NOT DIVIDED,STRAIGHT AND LEVEL,"OVER $1,500",UNABLE TO DETERMINE,2,Urban,NO INDICATION OF INJURY,Serious,0,0,0,0,4,14,7,4
200701BS70720,01/26/2022,TRAFFIC SIGNAL,CLEAR,DAYLIGHT,DIVIDED - W/MEDIAN BARRIER,STRAIGHT AND LEVEL,"OVER $1,500",FOLLOWING TOO CLOSELY,2,Urban,NO INDICATION OF INJURY,Slight,0,0,0,0,3,11,4,1
200701BS70721,01-11-2018 00:00,STOP SIGN/FLASHER,RAIN,DAYLIGHT,NOT DIVIDED,STRAIGHT AND LEVEL,"OVER $1,500",FAILING TO YIELD RIGHT-OF-WAY,2,Urban,NO INDICATION OF INJURY,Slight,0,0,0,0,2,8,5,1
200701BS70722,01/20/2018,TRAFFIC SIGNAL,CLEAR,DAYLIGHT,OTHER,STRAIGHT AND LEVEL,"OVER $1,500",DISREGARDING TRAFFIC SIGNALS,2,Urban,NO INDICATION OF INJURY,Slight,0,0,0,0,2,11,7,1
200701BS70724,07/19/2020,TRAFFIC SIGNAL,CLEAR,DAYLIGHT,NOT DIVIDED,STRAIGHT AND LEVEL,"OVER $1,500",UNABLE TO DETERMINE,2,Urban,NO INDICATION OF INJURY,Slight,0,0,0,0,3,19,1,7
200701BS70725,11/21/2017,TRAFFIC SIGNAL,CLEAR,DUSK,NOT DIVIDED,STRAIGHT AND LEVEL,"OVER $1,500",IMPROPER TURNING/NO SIGNAL,2,Urban,NO INDICATION OF INJURY,Serious,0,0,0,0,2,17,3,11
200701BS70726,03-08-2022 00:00,TRAFFIC SIGNAL,CLEAR,DAYLIGHT,NOT DIVIDED,STRAIGHT AND LEVEL,$500 OR LESS,FOLLOWING TOO CLOSELY,2,Urban,NO INDICATION OF INJURY,Slight,0,0,0,0,2,13,3,3
200701BS70727,09/22/2016,TRAFFIC SIGNAL,CLEAR,DAYLIGHT,NOT DIVIDED,STRAIGHT AND LEVEL,$500 OR LESS,IMPROPER BACKING,2,Urban,NO INDICATION OF INJURY,Slight,0,0,0,0,2,15,5,9
200701BS70728,07/17/2019,TRAFFIC SIGNAL,CLEAR,DAYLIGHT,DIVIDED - W/MEDIAN (NOT RAISED),STRAIGHT AND LEVEL,"OVER $1,500",UNABLE TO DETERMINE,2,Urban,NO INDICATION OF INJURY,Slight,0,0,0,0,3,18,4,7
200701BS70729,06-06-2017 00:00,NO CONTROLS,CLEAR,"DARKNESS, LIGHTED ROAD",NOT DIVIDED,STRAIGHT AND LEVEL,"$501 - $1,500",FOLLOWING TOO CLOSELY,2,Urban,NO INDICATION OF INJURY,Slight,0,0,0,0,2,22,3,6
200701BS70730,08/26/2021,TRAFFIC SIGNAL,RAIN,DAYLIGHT,CENTER TURN LANE,STRAIGHT AND LEVEL,"OVER $1,500",DISREGARDING ROAD MARKINGS,2,Urban,NO INDICATION OF INJURY,Slight,0,0,0,0,2,16,5,8
200701BS70733,03/28/2018,STOP SIGN/FLASHER,CLEAR,UNKNOWN,NOT DIVIDED,STRAIGHT AND LEVEL,"$501 - $1,500",UNABLE TO DETERMINE,2,Urban,NO INDICATION OF INJURY,Slight,0,0,0,0,2,12,4,3
200701BS70734,02/17/2020,TRAFFIC SIGNAL,RAIN,"DARKNESS, LIGHTED ROAD",NOT DIVIDED,STRAIGHT AND LEVEL,"OVER $1,500",FAILING TO YIELD RIGHT-OF-WAY,2,Urban,NO INDICATION OF INJURY,Slight,0,0,0,0,4,20,2,2
200701BS70735,10/26/2017,TRAFFIC SIGNAL,CLEAR,DAYLIGHT,NOT DIVIDED,STRAIGHT AND LEVEL,$500 OR LESS,FOLLOWING TOO CLOSELY,2,Urban,NONINCAPACITATING INJURY,Slight,1,0,0,1,1,15,5,10
200701BS70737,04/20/2020,TRAFFIC SIGNAL,CLEAR,DAYLIGHT,DIVIDED - W/MEDIAN (NOT RAISED),STRAIGHT AND LEVEL,"$501 - $1,500",FOLLOWING TOO CLOSELY,2,Urban,NO INDICATION OF INJURY,Slight,0,0,0,0,2,16,2,4
200701BS70738,04/27/2017,STOP SIGN/FLASHER,RAIN,DAYLIGHT,NOT DIVIDED,STRAIGHT AND LEVEL,"$501 - $1,500",FOLLOWING TOO CLOSELY,2,Urban,NO INDICATION OF INJURY,Serious,0,0,0,0,3,9,5,4
200701BS70744,01/14/2023,STOP SIGN/FLASHER,CLEAR,DAYLIGHT,FOUR WAY,STRAIGHT AND LEVEL,"OVER $1,500",DISREGARDING STOP SIGN,2,Urban,NONINCAPACITATING INJURY,Slight,2,0,0,2,1,15,7,1
200701BS70745,09-12-2018 00:00,TRAFFIC SIGNAL,CLEAR,DAYLIGHT,NOT DIVIDED,STRAIGHT AND LEVEL,"OVER $1,500",IMPROPER LANE USAGE,2,Urban,NO INDICATION OF INJURY,Slight,0,0,0,0,2,16,4,9
200701BS70747,09-01-2017 00:00,TRAFFIC SIGNAL,CLEAR,"DARKNESS, LIGHTED ROAD",NOT DIVIDED,STRAIGHT AND LEVEL,"OVER $1,500",NOT APPLICABLE,1,Urban,NONINCAPACITATING INJURY,Slight,1,0,0,1,0,3,6,9
200701BS79019,06/17/2022,TRAFFIC SIGNAL,CLEAR,DAYLIGHT,DIVIDED - W/MEDIAN (NOT RAISED),STRAIGHT AND LEVEL,$500 OR LESS,IMPROPER LANE USAGE,2,Urban,NO INDICATION OF INJURY,Slight,0,0,0,0,4,19,6,6
200701BS79023,07/20/2023,TRAFFIC SIGNAL,CLEAR,DAYLIGHT,DIVIDED - W/MEDIAN (NOT RAISED),STRAIGHT AND LEVEL,"OVER $1,500",FAILING TO YIELD RIGHT-OF-WAY,2,Urban,NO INDICATION OF INJURY,Slight,0,0,0,0,2,12,5,7
200701BS79133,09/28/2018,TRAFFIC SIGNAL,CLEAR,"DARKNESS, LIGHTED ROAD",DIVIDED - W/MEDIAN (NOT RAISED),STRAIGHT AND LEVEL,"$501 - $1,500",FOLLOWING TOO CLOSELY,2,Urban,NO INDICATION OF INJURY,Slight,0,0,0,0,3,22,6,9
200701CP00001,11/18/2017,NO CONTROLS,RAIN,DAYLIGHT,DIVIDED - W/MEDIAN (NOT RAISED),STRAIGHT AND LEVEL,"OVER $1,500",WEATHER,3,Urban,NO INDICATION OF INJURY,Serious,0,0,0,0,3,15,7,11
200701CP00003,11-08-2019 00:00,NO CONTROLS,CLEAR,DARKNESS,DIVIDED - W/MEDIAN (NOT RAISED),STRAIGHT AND LEVEL,"OVER $1,500",FOLLOWING TOO CLOSELY,2,Urban,NO INDICATION OF INJURY,Slight,0,0,0,0,2,19,6,11
200701CP00006,02-09-2023 00:00,OTHER REG. SIGN,RAIN,DAYLIGHT,NOT DIVIDED,STRAIGHT AND LEVEL,"OVER $1,500",UNABLE TO DETERMINE,1,Urban,NO INDICATION OF INJURY,Slight,0,0,0,0,1,8,5,2
200701CP00007,08-12-2018 00:00,YIELD,CLEAR,DAYLIGHT,NOT DIVIDED,STRAIGHT ON GRADE,$500 OR LESS,FAILING TO YIELD RIGHT-OF-WAY,2,Urban,NONINCAPACITATING INJURY,Slight,1,0,0,1,1,11,1,8
200701CP00008,05-03-2022 00:00,TRAFFIC SIGNAL,RAIN,DAYLIGHT,NOT DIVIDED,STRAIGHT AND LEVEL,"OVER $1,500",FAILING TO YIELD RIGHT-OF-WAY,2,Urban,NO INDICATION OF INJURY,Serious,0,0,0,0,2,8,3,5
200701CP00010,02-12-2020 00:00,STOP SIGN/FLASHER,CLEAR,DAYLIGHT,NOT DIVIDED,STRAIGHT AND LEVEL,"OVER $1,500",PHYSICAL CONDITION OF DRIVER,2,Urban,NO INDICATION OF INJURY,Slight,0,0,0,0,3,7,4,2
200701CP00011,10/18/2019,TRAFFIC SIGNAL,CLEAR,"DARKNESS, LIGHTED ROAD",DIVIDED - W/MEDIAN (NOT RAISED),STRAIGHT AND LEVEL,"OVER $1,500",IMPROPER TURNING/NO SIGNAL,2,Urban,NO INDICATION OF INJURY,Slight,0,0,0,0,3,21,6,10
200701CP00013,05-01-2021 00:00,TRAFFIC SIGNAL,CLEAR,"DARKNESS, LIGHTED ROAD",DIVIDED - W/MEDIAN BARRIER,STRAIGHT AND LEVEL,"OVER $1,500",IMPROPER TURNING/NO SIGNAL,2,Urban,NONINCAPACITATING INJURY,Slight,1,0,0,1,1,20,7,5
200701CP00014,09/17/2016,TRAFFIC SIGNAL,RAIN,DARKNESS,CENTER TURN LANE,STRAIGHT AND LEVEL,"OVER $1,500",IMPROPER TURNING/NO SIGNAL,2,Urban,NO INDICATION OF INJURY,Slight,0,0,0,0,4,3,7,9
200701CP00015,08/15/2017,TRAFFIC SIGNAL,CLEAR,"DARKNESS, LIGHTED ROAD",OTHER,STRAIGHT AND LEVEL,"OVER $1,500",IMPROPER TURNING/NO SIGNAL,2,Urban,NO INDICATION OF INJURY,Slight,0,0,0,0,4,21,3,8
200701CP00016,07-01-2020 00:00,OTHER WARNING SIGN,CLEAR,"DARKNESS, LIGHTED ROAD",NOT DIVIDED,STRAIGHT AND LEVEL,"OVER $1,500",UNABLE TO DETERMINE,2,Urban,NONINCAPACITATING INJURY,Slight,1,0,0,1,4,22,4,7
200701CP00017,01-10-2018 00:00,TRAFFIC SIGNAL,RAIN,"DARKNESS, LIGHTED ROAD",OTHER,STRAIGHT AND LEVEL,"OVER $1,500",IMPROPER TURNING/NO SIGNAL,2,Urban,NO INDICATION OF INJURY,Slight,0,0,0,0,4,17,4,1
200701CP00018,02/28/2022,TRAFFIC SIGNAL,CLEAR,"DARKNESS, LIGHTED ROAD",FOUR WAY,STRAIGHT AND LEVEL,"OVER $1,500",FAILING TO YIELD RIGHT-OF-WAY,2,Urban,NO INDICATION OF INJURY,Slight,0,0,0,0,4,19,2,2
200701CP00019,04/27/2018,STOP SIGN/FLASHER,RAIN,DAYLIGHT,DIVIDED - W/MEDIAN (NOT RAISED),STRAIGHT AND LEVEL,"OVER $1,500",FAILING TO YIELD RIGHT-OF-WAY,3,Urban,NO INDICATION OF INJURY,Slight,0,0,0,0,2,18,6,4
200701CP00020,04/23/2017,STOP SIGN/FLASHER,CLEAR,DAYLIGHT,NOT DIVIDED,STRAIGHT AND LEVEL,"$501 - $1,500",IMPROPER TURNING/NO SIGNAL,2,Urban,NO INDICATION OF INJURY,Slight,0,0,0,0,2,13,1,4
200701CP00021,03/16/2020,STOP SIGN/FLASHER,CLEAR,DAYLIGHT,NOT DIVIDED,STRAIGHT AND LEVEL,"OVER $1,500",FAILING TO YIELD RIGHT-OF-WAY,2,Urban,NO INDICATION OF INJURY,Slight,0,0,0,0,3,12,2,3
200701CP00022,10-02-2018 00:00,NO CONTROLS,CLEAR,DAYLIGHT,DIVIDED - W/MEDIAN BARRIER,STRAIGHT AND LEVEL,"OVER $1,500",FAILING TO YIELD RIGHT-OF-WAY,3,Urban,NO INDICATION OF INJURY,Slight,0,0,0,0,2,15,3,10
200701CP00023,03-02-2020 00:00,TRAFFIC SIGNAL,CLEAR,DAYLIGHT,DIVIDED - W/MEDIAN (NOT RAISED),STRAIGHT AND LEVEL,$500 OR LESS,UNABLE TO DETERMINE,2,Urban,NO INDICATION OF INJURY,Slight,0,0,0,0,2,7,2,3
200701CP00024,03/23/2019,STOP SIGN/FLASHER,CLEAR,"DARKNESS, LIGHTED ROAD",NOT DIVIDED,STRAIGHT AND LEVEL,"OVER $1,500",DISREGARDING STOP SIGN,2,Urban,NONINCAPACITATING INJURY,Slight,2,0,0,2,0,4,7,3
200701CP00025,08-12-2022 00:00,TRAFFIC SIGNAL,CLEAR,DAYLIGHT,FOUR WAY,STRAIGHT AND LEVEL,"$501 - $1,500",FAILING TO YIELD RIGHT-OF-WAY,2,Urban,NO INDICATION OF INJURY,Slight,0,0,0,0,2,13,6,8
200701CP00026,10/15/2016,TRAFFIC SIGNAL,CLOUDY/OVERCAST,DAWN,DIVIDED - W/MEDIAN BARRIER,STRAIGHT AND LEVEL,"OVER $1,500",DISREGARDING OTHER TRAFFIC SIGNS,2,Urban,NONINCAPACITATING INJURY,Slight,3,0,0,3,1,6,7,10
200701CP00027,06-06-2021 00:00,NO CONTROLS,CLEAR,DAYLIGHT,DIVIDED - W/MEDIAN BARRIER,"CURVE, LEVEL","OVER $1,500","OPERATING VEHICLE IN ERRATIC, RECKLESS, CARELESS, NEGLIGENT OR AGGRESSIVE MANNER",2,Urban,NO INDICATION OF INJURY,Slight,0,0,0,0,2,15,1,6
200701CP00028,07/20/2019,TRAFFIC SIGNAL,CLEAR,DAYLIGHT,DIVIDED - W/MEDIAN (NOT RAISED),STRAIGHT AND LEVEL,"$501 - $1,500",FOLLOWING TOO CLOSELY,2,Urban,NO INDICATION OF INJURY,Slight,0,0,0,0,2,16,7,7
200701CP00029,10-02-2019 00:00,TRAFFIC SIGNAL,RAIN,DAWN,UNKNOWN INTERSECTION TYPE,STRAIGHT AND LEVEL,"$501 - $1,500",FAILING TO YIELD RIGHT-OF-WAY,2,Urban,NO INDICATION OF INJURY,Slight,0,0,0,0,2,10,4,10
200701CP00030,11-02-2020 00:00,TRAFFIC SIGNAL,CLEAR,DARKNESS,DIVIDED - W/MEDIAN BARRIER,STRAIGHT AND LEVEL,"$501 - $1,500",UNABLE TO DETERMINE,2,Urban,NO INDICATION OF INJURY,Slight,0,0,0,0,2,20,2,11
200701CP00031,02/23/2023,STOP SIGN/FLASHER,FOG/SMOKE/HAZE,DAYLIGHT,NOT DIVIDED,STRAIGHT AND LEVEL,"$501 - $1,500",FAILING TO YIELD RIGHT-OF-WAY,2,Urban,NO INDICATION OF INJURY,Slight,0,0,0,0,5,7,5,2
200701CP00032,11/15/2019,STOP SIGN/FLASHER,CLEAR,DUSK,FOUR WAY,STRAIGHT AND LEVEL,"$501 - $1,500",UNABLE TO DETERMINE,2,Urban,NO INDICATION OF INJURY,Fatal,0,0,0,0,3,16,6,11
200701CP00033,05-06-2019 00:00,TRAFFIC SIGNAL,CLEAR,"DARKNESS, LIGHTED ROAD",NOT DIVIDED,STRAIGHT AND LEVEL,"OVER $1,500",DISREGARDING TRAFFIC SIGNALS,2,Urban,NO INDICATION OF INJURY,Slight,0,0,0,0,2,3,2,5
200701CP00034,07/31/2021,NO CONTROLS,CLEAR,DAYLIGHT,ONE-WAY,STRAIGHT AND LEVEL,"OVER $1,500",DRIVING ON WRONG SIDE/WRONG WAY,2,Urban,NO INDICATION OF INJURY,Slight,0,0,0,0,2,19,7,7
200701CP00035,10/15/2020,TRAFFIC SIGNAL,CLEAR,DAYLIGHT,DIVIDED - W/MEDIAN BARRIER,STRAIGHT AND LEVEL,"OVER $1,500",IMPROPER LANE USAGE,2,Urban,NO INDICATION OF INJURY,Serious,0,0,0,0,2,9,5,10
200701CP00036,08-12-2022 00:00,TRAFFIC SIGNAL,CLEAR,"DARKNESS, LIGHTED ROAD",NOT DIVIDED,STRAIGHT AND LEVEL,"$501 - $1,500",UNABLE TO DETERMINE,2,Urban,NO INDICATION OF INJURY,Slight,0,0,0,0,3,22,6,8
200701CP00037,06/27/2023,TRAFFIC SIGNAL,CLEAR,DAYLIGHT,FOUR WAY,STRAIGHT AND LEVEL,"OVER $1,500",UNABLE TO DETERMINE,4,Urban,NONINCAPACITATING INJURY,Slight,1,0,0,1,7,8,3,6
200701CP00038,08-08-2018 00:00,STOP SIGN/FLASHER,CLEAR,DAYLIGHT,NOT DIVIDED,STRAIGHT AND LEVEL,"OVER $1,500",UNABLE TO DETERMINE,2,Urban,NO INDICATION OF INJURY,Slight,0,0,0,0,3,14,4,8
200701CP00039,04/29/2022,TRAFFIC SIGNAL,CLEAR,DAYLIGHT,FOUR WAY,STRAIGHT AND LEVEL,$500 OR LESS,UNABLE TO DETERMINE,2,Urban,NONINCAPACITATING INJURY,Slight,1,0,0,1,1,8,6,4
200701CP00040,02/25/2019,TRAFFIC SIGNAL,CLEAR,"DARKNESS, LIGHTED ROAD",NOT DIVIDED,STRAIGHT AND LEVEL,"OVER $1,500",FAILING TO YIELD RIGHT-OF-WAY,2,Urban,NONINCAPACITATING INJURY,Slight,1,0,0,1,1,19,2,2
200701CP00041,09-07-2016 00:00,UNKNOWN,UNKNOWN,DAYLIGHT,UNKNOWN,STRAIGHT AND LEVEL,"OVER $1,500",UNABLE TO DETERMINE,2,Urban,NO INDICATION OF INJURY,Slight,0,0,0,0,2,13,4,9
200701CP00042,05-02-2020 00:00,TRAFFIC SIGNAL,CLEAR,"DARKNESS, LIGHTED ROAD",NOT DIVIDED,STRAIGHT AND LEVEL,"OVER $1,500",IMPROPER OVERTAKING/PASSING,2,Urban,NONINCAPACITATING INJURY,Slight,1,0,0,1,4,21,7,5
200701CP00043,10/14/2020,TRAFFIC SIGNAL,CLEAR,DAYLIGHT,DIVIDED - W/MEDIAN (NOT RAISED),STRAIGHT AND LEVEL,"$501 - $1,500",FAILING TO REDUCE SPEED TO AVOID CRASH,2,Urban,"REPORTED, NOT EVIDENT",Slight,2,0,0,0,1,16,4,10
200701CP00044,01/14/2020,TRAFFIC SIGNAL,CLEAR,DAYLIGHT,NOT DIVIDED,STRAIGHT AND LEVEL,"$501 - $1,500",UNABLE TO DETERMINE,2,Urban,NO INDICATION OF INJURY,Slight,0,0,0,0,3,7,3,1
200701CP00045,03-12-2023 00:00,TRAFFIC SIGNAL,CLEAR,"DARKNESS, LIGHTED ROAD",DIVIDED - W/MEDIAN (NOT RAISED),STRAIGHT AND LEVEL,"OVER $1,500",UNABLE TO DETERMINE,2,Urban,NO INDICATION OF INJURY,Slight,0,0,0,0,3,19,1,3
200701CP00046,02/15/2022,STOP SIGN/FLASHER,CLEAR,DAYLIGHT,NOT DIVIDED,STRAIGHT AND LEVEL,"OVER $1,500",UNABLE TO DETERMINE,2,Urban,NO INDICATION OF INJURY,Slight,0,0,0,0,2,8,3,2
200701CP00047,12/24/2017,STOP SIGN/FLASHER,SNOW,DAYLIGHT,NOT DIVIDED,STRAIGHT AND LEVEL,"OVER $1,500",FAILING TO YIELD RIGHT-OF-WAY,2,Urban,NO INDICATION OF INJURY,Slight,0,0,0,0,2,11,1,12
200701CP00048,11/15/2019,NO CONTROLS,CLEAR,DAYLIGHT,ONE-WAY,STRAIGHT AND LEVEL,"$501 - $1,500",UNABLE TO DETERMINE,2,Urban,NO INDICATION OF INJURY,Serious,0,0,0,0,1,6,6,11
200701CP00049,03/18/2021,TRAFFIC SIGNAL,CLEAR,"DARKNESS, LIGHTED ROAD",NOT DIVIDED,STRAIGHT AND LEVEL,"$501 - $1,500",UNABLE TO DETERMINE,2,Urban,NO INDICATION OF INJURY,Slight,0,0,0,0,3,23,5,3
200701CP00050,03/30/2022,TRAFFIC SIGNAL,RAIN,DAYLIGHT,FOUR WAY,STRAIGHT AND LEVEL,"OVER $1,500",FAILING TO YIELD RIGHT-OF-WAY,2,Urban,NO INDICATION OF INJURY,Slight,0,0,0,0,3,11,4,3
200701CP00051,12-03-2017 00:00,TRAFFIC SIGNAL,CLEAR,DARKNESS,DIVIDED - W/MEDIAN (NOT RAISED),STRAIGHT AND LEVEL,$500 OR LESS,FOLLOWING TOO CLOSELY,2,Urban,NO INDICATION OF INJURY,Slight,0,0,0,0,3,21,1,12
200701CP00052,08-08-2019 00:00,NO CONTROLS,CLEAR,DAYLIGHT,DIVIDED - W/MEDIAN (NOT RAISED),STRAIGHT AND LEVEL,"OVER $1,500",UNABLE TO DETERMINE,2,Urban,NO INDICATION OF INJURY,Slight,0,0,0,0,2,15,5,8
200701CP00053,09-01-2019 00:00,TRAFFIC SIGNAL,CLEAR,DAYLIGHT,NOT DIVIDED,STRAIGHT AND LEVEL,"OVER $1,500",IMPROPER OVERTAKING/PASSING,2,Urban,NO INDICATION OF INJURY,Slight,0,0,0,0,5,17,1,9
200701CP00054,05/27/2023,TRAFFIC SIGNAL,CLEAR,DAYLIGHT,ONE-WAY,STRAIGHT AND LEVEL,"OVER $1,500",FOLLOWING TOO CLOSELY,2,Urban,NO INDICATION OF INJURY,Slight,0,0,0,0,2,11,7,5
200701CP00055,06/14/2021,TRAFFIC SIGNAL,CLEAR,DAYLIGHT,DIVIDED - W/MEDIAN (NOT RAISED),STRAIGHT AND LEVEL,"$501 - $1,500",UNABLE TO DETERMINE,2,Urban,"REPORTED, NOT EVIDENT",Slight,1,0,0,0,3,15,2,6
200701CP00056,06-12-2021 00:00,TRAFFIC SIGNAL,CLEAR,DAYLIGHT,NOT DIVIDED,STRAIGHT AND LEVEL,"OVER $1,500",UNABLE TO DETERMINE,2,Urban,NO INDICATION OF INJURY,Serious,0,0,0,0,2,15,7,6
200701CP00057,11-08-2016 00:00,TRAFFIC SIGNAL,CLEAR,"DARKNESS, LIGHTED ROAD",DIVIDED - W/MEDIAN (NOT RAISED),STRAIGHT AND LEVEL,"OVER $1,500",DISREGARDING TRAFFIC SIGNALS,2,Urban,NO INDICATION OF INJURY,Slight,0,0,0,0,3,18,3,11
200701CP00058,07/25/2022,TRAFFIC SIGNAL,CLEAR,"DARKNESS, LIGHTED ROAD",T-INTERSECTION,STRAIGHT AND LEVEL,"OVER $1,500",FAILING TO YIELD RIGHT-OF-WAY,2,Urban,NONINCAPACITATING INJURY,Serious,1,0,0,1,1,0,2,7
200701CP00059,03/16/2020,TRAFFIC SIGNAL,CLOUDY/OVERCAST,DAYLIGHT,T-INTERSECTION,STRAIGHT AND LEVEL,"$501 - $1,500",IMPROPER TURNING/NO SIGNAL,2,Urban,NO INDICATION OF INJURY,Slight,0,0,0,0,2,15,2,3
200701CP00060,07-08-2019 00:00,UNKNOWN,CLEAR,"DARKNESS, LIGHTED ROAD",NOT DIVIDED,STRAIGHT AND LEVEL,"OVER $1,500",NOT APPLICABLE,1,Urban,NO INDICATION OF INJURY,Slight,0,0,0,0,1,22,2,7
200701CP00061,04/23/2022,TRAFFIC SIGNAL,CLEAR,"DARKNESS, LIGHTED ROAD",NOT DIVIDED,STRAIGHT AND LEVEL,"OVER $1,500",NOT APPLICABLE,2,Urban,NONINCAPACITATING INJURY,Slight,2,0,0,1,1,20,7,4
200701CP00062,08/14/2022,TRAFFIC SIGNAL,CLEAR,"DARKNESS, LIGHTED ROAD",DIVIDED - W/MEDIAN (NOT RAISED),STRAIGHT AND LEVEL,"OVER $1,500",UNABLE TO DETERMINE,2,Urban,NO INDICATION OF INJURY,Slight,0,0,0,0,4,1,1,8
200701CP00063,01/16/2023,TRAFFIC SIGNAL,RAIN,DAYLIGHT,FOUR WAY,STRAIGHT AND LEVEL,"OVER $1,500",FAILING TO YIELD RIGHT-OF-WAY,2,Urban,NONINCAPACITATING INJURY,Slight,1,0,0,1,1,14,2,1
200701CP00065,02/15/2023,STOP SIGN/FLASHER,CLEAR,"DARKNESS, LIGHTED ROAD",FOUR WAY,STRAIGHT AND LEVEL,"OVER $1,500",FAILING TO YIELD RIGHT-OF-WAY,2,Urban,NO INDICATION OF INJURY,Slight,0,0,0,0,2,18,4,2
200701CP00066,06/25/2021,TRAFFIC SIGNAL,CLEAR,DAYLIGHT,NOT DIVIDED,STRAIGHT AND LEVEL,"OVER $1,500",IMPROPER TURNING/NO SIGNAL,2,Urban,NO INDICATION OF INJURY,Slight,0,0,0,0,3,15,6,6
200701CP00067,06-02-2023 00:00,TRAFFIC SIGNAL,CLEAR,"DARKNESS, LIGHTED ROAD",NOT DIVIDED,STRAIGHT AND LEVEL,$500 OR LESS,FAILING TO YIELD RIGHT-OF-WAY,2,Urban,NONINCAPACITATING INJURY,Slight,1,0,0,1,1,21,6,6
200701CP00068,09/15/2021,TRAFFIC SIGNAL,CLEAR,"DARKNESS, LIGHTED ROAD",Y-INTERSECTION,STRAIGHT AND LEVEL,"OVER $1,500","OPERATING VEHICLE IN ERRATIC, RECKLESS, CARELESS, NEGLIGENT OR AGGRESSIVE MANNER",2,Urban,NONINCAPACITATING INJURY,Slight,1,0,0,1,1,18,4,9
200701CP00069,09-01-2018 00:00,STOP SIGN/FLASHER,CLEAR,DAYLIGHT,NOT DIVIDED,STRAIGHT AND LEVEL,"OVER $1,500",FAILING TO YIELD RIGHT-OF-WAY,2,Urban,NO INDICATION OF INJURY,Slight,0,0,0,0,2,15,7,9
200701CP00070,05-04-2023 00:00,STOP SIGN/FLASHER,CLEAR,DAYLIGHT,T-INTERSECTION,STRAIGHT AND LEVEL,"OVER $1,500",UNABLE TO DETERMINE,2,Urban,NO INDICATION OF INJURY,Slight,0,0,0,0,2,18,5,5
200701CP00071,02/25/2020,TRAFFIC SIGNAL,CLOUDY/OVERCAST,DAYLIGHT,NOT DIVIDED,STRAIGHT AND LEVEL,"OVER $1,500",UNABLE TO DETERMINE,2,Urban,NO INDICATION OF INJURY,Slight,0,0,0,0,2,7,3,2
200701CP00072,05/13/2022,STOP SIGN/FLASHER,CLEAR,DAYLIGHT,FOUR WAY,STRAIGHT AND LEVEL,"OVER $1,500",IMPROPER OVERTAKING/PASSING,5,Urban,INCAPACITATING INJURY,Slight,3,0,3,0,2,11,6,5
200701CP00073,08/30/2019,TRAFFIC SIGNAL,CLEAR,DAYLIGHT,DIVIDED - W/MEDIAN (NOT RAISED),STRAIGHT AND LEVEL,"$501 - $1,500",IMPROPER BACKING,2,Urban,NO INDICATION OF INJURY,Slight,0,0,0,0,2,12,6,8